text,label,category
Ndakafarira basa renyu,1,Other
Very disappointing Bad customer care,0,Complaint
Great experience Service was excellent,1,Customer Service
Cimas was excellent thank you service,1,Customer Service
Service was excellent experience great,1,Customer Service
Service was excellent Helpful staff,1,Customer Service
Great efficient experience service,1,Customer Service
Quick assistance,1,Other
Thank you crew supportive cimas,1,Praise
Worst insurance ever process takes forever,0,Complaint
Delivery service poor very disappointing,0,Customer Service
Worst insurance ever Worst insurance ever,0,Complaint
Ndakafarira basa renyu Service was excellent,1,Customer Service
No aid received no assistance received,0,Other
Experience great makandibatsira zvakanaka,1,Praise
Ndatenda zvikuru fast claims processing,1,Claim
New the appreciated platform ndatenda zvikuru,1,Other
Handife very ndakadzokera disappointing,0,Other
Handife ndakadzokera Too slow response,0,Complaint
Handina kufara worst insurance ever,0,Complaint
Handina kufara unacceptable customer care,0,Complaint
Process forever takes vanononoka kubatsira,0,Other
Thank you CIMAS Efficient service,1,Customer Service
Thank you cimas makandibatsira zvakanaka,1,Praise
Zvakanaka makandibatsira thank you cimas,1,Praise
Fast basa renyu ndakafarira claims processing,1,Claim
Assistance quick efficient service,1,Customer Service
Fast claims processing Fast claims processing,1,Claim
Service was excellent Ndakafarira basa renyu,1,Customer Service
Service was excellent quick assistance,1,Customer Service
Ndatenda zvikuru Efficient service,1,Customer Service
Process takes forever,0,Other
Poor process delivery service takes forever,0,Customer Service
Makandibatsira zvakanaka Efficient service,1,Customer Service
Very forever process takes disappointing,0,Other
Vanononoka kubatsira poor service delivery,0,Customer Service
Very disappointing Staff was rude,0,Other
Good customer care good customer care,1,Praise
Handife ndakadzokera Handife ndakadzokera,0,Other
Bad customer care Very disappointing,0,Complaint
Kufara ndakadzokera handina handife,0,Other
Kind team service was excellent,1,Customer Service
The appreciated new application quick assistance,1,Other
Ndakafarira basa renyu efficient service,1,Customer Service
Service was excellent efficient service,1,Customer Service
Makandibatsira zvakanaka ndakafarira basa renyu,1,Other
Staff was rude Too slow response,0,Complaint
Friendly personnel friendly crew,1,Other
Worst insurance ever,0,Complaint
Handina kufara,0,Other
Makandibatsira zvakanaka Ndatenda zvikuru,1,Other
Helpful staff Thank you CIMAS,1,Praise
Staff was rude too sluggish feedback,0,Complaint
Efficient service,1,Customer Service
Quick assistance Service was excellent,1,Customer Service
Good customer care enjoyed application new the,1,Praise
Worst insurance ever Bad customer care,0,Complaint
Too reaction late handina kufara,0,Complaint
Great experience fast claims processing,1,Claim
Unacceptable customer care too sluggish reply,0,Complaint
Friendly crew good customer care,1,Praise
Quick assistance ndatenda zvikuru,1,Other
Ndakafarira basa renyu quick assistance,1,Other
Ndakafarira basa renyu Efficient service,1,Customer Service
Quick makandibatsira assistance zvakanaka,1,Other
Poor service delivery handife ndakadzokera,0,Customer Service
Too delayed reaction,0,Complaint
Personnel experience kind great,1,Praise
Poor service delivery poor service delivery,0,Customer Service
Ndakafarira basa renyu ndakafarira basa renyu,1,Other
Thank you CIMAS Quick assistance,1,Praise
Worst ever insurance handife ndakadzokera,0,Complaint
Quick assistance Loved the new app,1,Other
Helpful staff Great experience,1,Praise
Thank you cimas,1,Praise
Worst insurance ever Poor service delivery,0,Customer Service
Loved the new app Thank you CIMAS,1,Praise
Supportive thank personnel you cimas,1,Praise
Friendly team great experience,1,Praise
Unacceptable customer care very disappointing,0,Complaint
Ndakafarira basa renyu ndatenda zvikuru,1,Other
No support received staff was rude,0,Other
Good customer care Service was excellent,1,Customer Service
Process takes forever Process takes forever,0,Other
Handife ndakadzokera Delay in claims,0,Claim
Very disappointing staff was rude,0,Other
Fast claims processing good customer care,1,Claim
Platform the new appreciated appreciated the new platform,1,Other
Handina kufara process takes forever,0,Other
Poor service delivery No help received,0,Customer Service
Good customer care efficient service,1,Customer Service
Staff was rude vanononoka kubatsira,0,Other
Staff was rude Process takes forever,0,Other
Handina kufara Vanononoka kubatsira,0,Other
Efficient liked service the new application,1,Customer Service
Worst insurance ever worst insurance ever,0,Complaint
Quick assistance you thank cimas,1,Praise
Ndakafarira assistance renyu quick basa,1,Other
Helpful staff Helpful staff,1,Other
Worst insurance ever no support received,0,Complaint
Very disappointing No help received,0,Other
Good customer care Loved the new app,1,Praise
Great experience enjoyed the new platform,1,Praise
Process insurance forever worst takes ever,0,Complaint
Staff was rude unacceptable customer care,0,Complaint
Delay in claims process takes forever,0,Claim
Poor service delivery worst ever insurance,0,Customer Service
Worst insurance ever Handina kufara,0,Complaint
Handina kufara Very disappointing,0,Other
Good customer care,1,Praise
Claims the new platform fast enjoyed processing,1,Claim
Thank you CIMAS Helpful staff,1,Praise
Late disappointing too very reply,0,Complaint
Good customer care quick assistance,1,Praise
Staff was rude Worst insurance ever,0,Complaint
Quick customer care good assistance,1,Praise
Disappointing takes forever very process,0,Other
Vanononoka kubatsira,0,Other
Loved the new app Ndatenda zvikuru,1,Other
Good customer care Quick assistance,1,Praise
Poor service care unacceptable customer delivery,0,Customer Service
Helpful staff Quick assistance,1,Other
Ndatenda zvikuru ndatenda zvikuru,1,Other
Delay in claims staff was rude,0,Claim
Fast claims processing great experience,1,Claim
Appreciated the new platform great experience,1,Praise
Insurance worst ever handina kufara,0,Complaint
Great experience Good customer care,1,Praise
Vanononoka kubatsira handina kufara,0,Other
Efficient customer good service care,1,Customer Service
Great assistance quick experience,1,Praise
Delay in claims Poor service delivery,0,Claim
Fast zvikuru ndatenda claims processing,1,Claim
Vanononoka kubatsira delivery service poor,0,Customer Service
Great experience Efficient service,1,Customer Service
Great experience supportive crew,1,Praise
No received assistance poor service delivery,0,Customer Service
Handina kufara poor service delivery,0,Customer Service
Bad customer care Poor service delivery,0,Customer Service
Process takes forever no support received,0,Other
Ndatenda experience great zvikuru,1,Praise
Vanononoka kubatsira poor customer care,0,Complaint
Delay in claims Worst insurance ever,0,Claim
Loved the new app Service was excellent,1,Customer Service
Service efficient great experience,1,Customer Service
Process takes in delay forever claims,0,Claim
Claims in delay handina kufara,0,Claim
Unacceptable customer care,0,Complaint
Handina kufara handina kufara,0,Other
Vanononoka kubatsira very disappointing,0,Other
Staff was rude Vanononoka kubatsira,0,Other
Staff was rude process takes forever,0,Other
Appreciated the new tool ndakafarira basa renyu,1,Other
Vanononoka kubatsira staff was rude,0,Other
Quick assistance good care customer,1,Praise
Claims fast processing makandibatsira zvakanaka,1,Claim
Service takes forever poor process delivery,0,Customer Service
Too slow response Very disappointing,0,Complaint
Process takes forever very disappointing,0,Other
Kubatsira vanononoka delay in claims,0,Claim
Poor service delivery,0,Customer Service
Good customer care Ndakafarira basa renyu,1,Praise
Handife ndakadzokera in delay claims,0,Claim
Liked the new excellent service was tool,1,Customer Service
Ndakadzokera handife poor service delivery,0,Customer Service
Makandibatsira zvakanaka quick assistance,1,Other
Helpful staff Ndakafarira basa renyu,1,Other
Poor service delivery Handife ndakadzokera,0,Customer Service
No help received No help received,0,Other
No help received Vanononoka kubatsira,0,Other
Very disappointing,0,Other
Process takes forever Very disappointing,0,Other
Vanononoka kubatsira feedback delayed too,0,Complaint
Very disappointing customer poor care,0,Complaint
No help received Staff was rude,0,Other
Friendly great team experience,1,Praise
Efficient service supportive crew,1,Customer Service
Too sluggish worst feedback insurance ever,0,Complaint
Thank you CIMAS Makandibatsira zvakanaka,1,Praise
Efficient service Makandibatsira zvakanaka,1,Customer Service
Service was excellent Ndatenda zvikuru,1,Customer Service
Makandibatsira zvakanaka service was excellent,1,Customer Service
Delivery service poor vanononoka kubatsira,0,Customer Service
Was service excellent ndatenda zvikuru,1,Customer Service
Service was excellent Makandibatsira zvakanaka,1,Customer Service
Staff was rude staff was rude,0,Other
Service was excellent Fast claims processing,1,Claim
Poor service delivery staff was rude,0,Customer Service
Vanononoka staff kubatsira was rude,0,Other
Quick service assistance was excellent,1,Customer Service
Fast claims processing Helpful staff,1,Claim
Handife ndakadzokera Handina kufara,0,Other
Ndatenda zvikuru friendly crew,1,Other
Worst insurance ever takes process forever,0,Complaint
Quick fast assistance claims processing,1,Claim
Service was excellent,1,Customer Service
Ndakadzokera in claims handife delay,0,Claim
Loved the new app Loved the new app,1,Other
Process takes forever Vanononoka kubatsira,0,Other
Ndatenda zvikuru zvakanaka makandibatsira,1,Other
Loved the new app Fast claims processing,1,Claim
Delay in claims Handife ndakadzokera,0,Claim
Poor customer care staff was rude,0,Complaint
Too care reaction poor customer delayed,0,Complaint
Very disappointing poor service delivery,0,Customer Service
Fast claims processing Makandibatsira zvakanaka,1,Claim
Helpful staff Efficient service,1,Customer Service
Great experience makandibatsira zvakanaka,1,Praise
Efficient service Ndakafarira basa renyu,1,Customer Service
Good customer care Great experience,1,Praise
Ndakafarira was excellent service basa renyu,1,Customer Service
Liked the new tool thank you cimas,1,Praise
Great experience thank you cimas,1,Praise
Makandibatsira zvakanaka efficient service,1,Customer Service
Great experience claims fast processing,1,Claim
Bad customer care Delay in claims,0,Claim
Ndakafarira basa renyu Ndakafarira basa renyu,1,Other
Delay in claims no aid received,0,Claim
Vanononoka kubatsira handife ndakadzokera,0,Other
Great experience Ndakafarira basa renyu,1,Praise
Too delayed reply very disappointing,0,Complaint
Handina kufara too sluggish reaction,0,Complaint
Worst insurance ever Handife ndakadzokera,0,Complaint
Delay vanononoka claims in kubatsira,0,Claim
Makandibatsira service efficient zvakanaka,1,Customer Service
Ndatenda zvikuru efficient service,1,Customer Service
Insurance worst ever very disappointing,0,Complaint
Handife support received no ndakadzokera,0,Other
No help received,0,Other
Fast claims processing quick assistance,1,Claim
Vanononoka insurance worst kubatsira ever,0,Complaint
Worst insurance ever vanononoka kubatsira,0,Complaint
Fast claims processing thank you cimas,1,Claim
Very disappointing handife ndakadzokera,0,Other
Makandibatsira was excellent service zvakanaka,1,Customer Service
Worst insurance ever Process takes forever,0,Complaint
Kind the new tool appreciated crew,1,Other
Bad customer care Handife ndakadzokera,0,Complaint
Unacceptable customer care process takes forever,0,Complaint
Great experience Quick assistance,1,Praise
Loved the new app Good customer care,1,Praise
Handife vanononoka ndakadzokera kubatsira,0,Other
Service was rude poor staff delivery,0,Customer Service
Too sluggish reaction worst insurance ever,0,Complaint
Liked the new platform efficient service,1,Customer Service
Assistance service quick efficient,1,Customer Service
Care customer good appreciated the new application,1,Praise
Handife ndakadzokera,0,Other
Cimas you thank liked the new platform,1,Praise
Too delayed handife feedback ndakadzokera,0,Complaint
Great experience great experience,1,Praise
Ndakafarira basa great renyu experience,1,Praise
Delay in claims worst insurance ever,0,Claim
Supportive team,1,Other
Assistance ndakadzokera no handife received,0,Other
Makandibatsira zvakanaka Loved the new app,1,Other
Poor customer care poor service delivery,0,Customer Service
Too late reaction too late reply,0,Complaint
Staff was rude Very disappointing,0,Other
No help received Handina kufara,0,Other
Ndatenda zvikuru Thank you CIMAS,1,Praise
Appreciated new the platform fast claims processing,1,Claim
No support received,0,Other
Vanononoka kubatsira Staff was rude,0,Other
Good customer care thank you cimas,1,Praise
Fast claims processing renyu basa ndakafarira,1,Claim
Thank you CIMAS Fast claims processing,1,Claim
Makandibatsira zvakanaka thank you cimas,1,Praise
Experience assistance great quick,1,Praise
Handina kufara delay in claims,0,Claim
Service was excellent service was excellent,1,Customer Service
Good customer care makandibatsira zvakanaka,1,Praise
Fast claims processing ndatenda zvikuru,1,Claim
No aid received very disappointing,0,Other
Quick assistance efficient service,1,Customer Service
Feedback late too delay in claims,0,Claim
Vanononoka kubatsira insurance worst ever,0,Complaint
Service was excellent Thank you CIMAS,1,Customer Service
Staff was rude,0,Other
Staff was rude very disappointing,0,Other
Received sluggish reply no support too,0,Complaint
Processing claims fast makandibatsira zvakanaka,1,Claim
Fast claims processing,1,Claim
Aid insurance ever no worst received,0,Complaint
Fast claims processing Ndatenda zvikuru,1,Claim
Too slow response Handina kufara,0,Complaint
Friendly personnel ndakafarira basa renyu,1,Other
Bad customer care Staff was rude,0,Complaint
Handife ndakadzokera Worst insurance ever,0,Complaint
Service was excellent Quick assistance,1,Customer Service
Makandibatsira zvakanaka Makandibatsira zvakanaka,1,Other
Ndatenda zvikuru,1,Other
Staff was rude Poor service delivery,0,Customer Service
Loved the new app Great experience,1,Praise
Ndakafarira basa renyu Helpful staff,1,Other
No help received Delay in claims,0,Claim
Great experience ndatenda zvikuru,1,Praise
Helpful staff Ndatenda zvikuru,1,Other
Handina ndakadzokera handife kufara,0,Other
Enjoyed the new tool service was excellent,1,Customer Service
Vanononoka kubatsira Poor service delivery,0,Customer Service
Service was excellent great experience,1,Customer Service
Poor service delivery Staff was rude,0,Customer Service
Poor service delivery Bad customer care,0,Customer Service
Staff was rude Handina kufara,0,Other
Process takes forever no assistance received,0,Other
Too sluggish feedback delay in claims,0,Claim
No help received Process takes forever,0,Other
Very disappointing forever takes process,0,Other
Makandibatsira quick zvakanaka assistance,1,Other
Assistance quick ndakafarira basa renyu,1,Other
Great experience Great experience,1,Praise
Great experience Thank you CIMAS,1,Praise
Vanononoka kubatsira Handina kufara,0,Other
Service good excellent was customer care,1,Customer Service
Too delayed feedback,0,Complaint
Process takes forever Bad customer care,0,Complaint
Too sluggish poor feedback service delivery,0,Customer Service
Handina kufara staff was rude,0,Other
Helpful staff Good customer care,1,Praise
Vanononoka kubatsira Bad customer care,0,Complaint
Cimas you thank ndatenda zvikuru,1,Praise
Poor service delivery Very disappointing,0,Customer Service
Too slow response,0,Complaint
Ndakafarira zvikuru ndatenda basa renyu,1,Other
Great experience service was excellent,1,Customer Service
Quick assistance ndakafarira basa renyu,1,Other
Fast claims processing Great experience,1,Claim
Ndatenda zvikuru was service excellent,1,Customer Service
Friendly personnel liked the new tool,1,Other
Friendly team fast claims processing,1,Claim
Ndakafarira basa renyu Thank you CIMAS,1,Praise
Staff was rude worst ever insurance,0,Complaint
Very disappointing vanononoka kubatsira,0,Other
In delay claims poor service delivery,0,Claim
Fast claims processing Thank you CIMAS,1,Claim
Process takes forever poor service delivery,0,Customer Service
Staff was rude received aid no,0,Other
Claims in delay too sluggish reaction,0,Claim
Ndatenda zvikuru service was excellent,1,Customer Service
Bad customer care Bad customer care,0,Complaint
Kufara handina worst insurance ever,0,Complaint
Poor service delivery very disappointing,0,Customer Service
Delay in claims very disappointing,0,Claim
Process takes forever Poor service delivery,0,Customer Service
Very disappointing Worst insurance ever,0,Complaint
Makandibatsira zvakanaka Good customer care,1,Praise
Makandibatsira zvakanaka Service was excellent,1,Customer Service
Ndatenda zvikuru good customer care,1,Praise
Thank you cimas quick assistance,1,Praise
Vanononoka kubatsira No help received,0,Other
No help received Very disappointing,0,Other
No aid received claims in delay,0,Claim
Fast zvakanaka makandibatsira claims processing,1,Claim
Very disappointing delay in claims,0,Claim
Too slow response Too slow response,0,Complaint
Thank you cimas friendly crew,1,Praise
Service was excellent enjoyed the new platform,1,Customer Service
Poor service delivery handina kufara,0,Customer Service
Great basa renyu ndakafarira experience,1,Praise
Kind team zvakanaka makandibatsira,1,Other
Good customer care Makandibatsira zvakanaka,1,Praise
Handina in claims delay kufara,0,Claim
Staff was rude Handife ndakadzokera,0,Other
Handife ndakadzokera Very disappointing,0,Other
Delay in claims delivery service poor,0,Claim
Thank you cimas thank cimas you,1,Praise
Ndakafarira customer care good basa renyu,1,Praise
Process takes forever Handina kufara,0,Other
Helpful staff Loved the new app,1,Other
Poor delivery service handife ndakadzokera,0,Customer Service
Delay in claims delay in claims,0,Claim
Delay in claims Delay in claims,0,Claim
Staff was rude Staff was rude,0,Other
Makandibatsira zvakanaka friendly crew,1,Other
Process takes forever staff was rude,0,Other
Ndatenda zvikuru Helpful staff,1,Other
No kubatsira vanononoka aid received,0,Other
Rude was staff worst insurance ever,0,Complaint
Disappointing very vanononoka kubatsira,0,Other
Ndatenda zvikuru great experience,1,Praise
Terrible customer care handina kufara,0,Complaint
Thank you good cimas customer care,1,Praise
Thank you cimas ndatenda zvikuru,1,Praise
Service was excellent Service was excellent,1,Customer Service
Fast claims processing Quick assistance,1,Claim
Makandibatsira zvakanaka,1,Other
Ndatenda zvikuru zvikuru ndatenda,1,Other
Efficient service Loved the new app,1,Customer Service
No poor received assistance service delivery,0,Customer Service
Vanononoka kubatsira Process takes forever,0,Other
Delay in claims handife ndakadzokera,0,Claim
Was kufara staff handina rude,0,Other
Liked the new tool quick assistance,1,Other
Kind personnel efficient service,1,Customer Service
Ndatenda zvikuru Ndatenda zvikuru,1,Other
Handina kufara Worst insurance ever,0,Complaint
Quick assistance fast claims processing,1,Claim
Zvakanaka makandibatsira kind personnel,1,Other
Handina care terrible customer kufara,0,Complaint
Great experience ndakafarira basa renyu,1,Praise
Great experience Fast claims processing,1,Claim
Service makandibatsira excellent was zvakanaka,1,Customer Service
Worst insurance in delay ever claims,0,Claim
Poor service delivery insurance worst ever,0,Customer Service
Was staff rude handife ndakadzokera,0,Other
Kind personnel,1,Other
Thank you CIMAS Thank you CIMAS,1,Praise
Fast claims processing friendly team,1,Claim
Staff in rude delay was claims,0,Claim
Vanononoka kubatsira Too slow response,0,Complaint
Delay in claims too sluggish reaction,0,Claim
Vanononoka kubatsira Delay in claims,0,Claim
Handife ndakadzokera very disappointing,0,Other
Delay in claims no assistance received,0,Claim
Good customer care service was excellent,1,Customer Service
Process takes forever too sluggish reply,0,Complaint
Makandibatsira zvakanaka Thank you CIMAS,1,Praise
Vanononoka kubatsira Handife ndakadzokera,0,Other
Thank you cimas ndakafarira renyu basa,1,Praise
Handina kufara very disappointing,0,Other
Handina was rude staff kufara,0,Other
No aid received worst insurance ever,0,Complaint
Efficient service Helpful staff,1,Customer Service
Service was excellent Efficient service,1,Customer Service
Too slow response No help received,0,Complaint
Too late feedback received support no,0,Complaint
Good customer care Ndatenda zvikuru,1,Praise
Customer poor care handife ndakadzokera,0,Complaint
Too delayed feedback staff was rude,0,Complaint
Thank you cimas enjoyed the new platform,1,Praise
Enjoyed the new tool the appreciated new application,1,Other
Liked the new platform,1,Other
No assistance received,0,Other
Handife takes process ndakadzokera forever,0,Other
Supportive crew liked the new tool,1,Other
Makandibatsira zvakanaka Ndakafarira basa renyu,1,Other
Supportive crew service was excellent,1,Customer Service
Supportive personnel kind team,1,Other
Poor service delivery Delay in claims,0,Claim
Thank you CIMAS Ndakafarira basa renyu,1,Praise
Too disappointing very delayed reply,0,Complaint
Fast claims processing appreciated the new application,1,Claim
Process takes forever worst insurance ever,0,Complaint
Quick assistance friendly team,1,Other
Ndatenda zvikuru Quick assistance,1,Other
Ndakafarira basa renyu Fast claims processing,1,Claim
Fast claims processing care customer good,1,Claim
Very ever worst insurance disappointing,0,Complaint
Ndakafarira basa renyu service was excellent,1,Customer Service
Handina kufara Too slow response,0,Complaint
Process takes forever Delay in claims,0,Claim
Poor staff care customer was rude,0,Complaint
Good customer care kind personnel,1,Praise
Efficient claims processing fast service,1,Claim
Bad customer care Handina kufara,0,Complaint
Delay in claims Too slow response,0,Claim
Ndatenda efficient zvikuru service,1,Customer Service
Supportive personnel thank you cimas,1,Praise
Poor worst care customer insurance ever,0,Complaint
Very disappointing Process takes forever,0,Other
Handife ndakadzokera Poor service delivery,0,Customer Service
Liked customer new application good the care,1,Praise
Process takes forever unacceptable customer care,0,Complaint
Bad customer care No help received,0,Complaint
Unacceptable customer care worst insurance ever,0,Complaint
Delay in claims,0,Claim
Good customer care fast claims processing,1,Claim
No help received Too slow response,0,Complaint
Makandibatsira zvakanaka great experience,1,Praise
Quick assistance Helpful staff,1,Other
Efficient service Quick assistance,1,Customer Service
Too slow response Bad customer care,0,Complaint
Ndakafarira experience great basa renyu,1,Praise
Great experience quick assistance,1,Praise
Poor service delivery too sluggish reply,0,Customer Service
Vanononoka care terrible customer kubatsira,0,Complaint
Handife ndakadzokera handife ndakadzokera,0,Other
Bad customer care Vanononoka kubatsira,0,Complaint
Efficient service Great experience,1,Customer Service
Claims customer care delay in unacceptable,0,Claim
Quick assistance Ndakafarira basa renyu,1,Other
Handife ndakadzokera terrible customer care,0,Complaint
Customer good care efficient service,1,Customer Service
No help received Handife ndakadzokera,0,Other
Unacceptable customer care poor service delivery,0,Customer Service
Great experience liked the new tool,1,Praise
No assistance received delay in claims,0,Claim
Efficient service Ndatenda zvikuru,1,Customer Service
Too slow response Delay in claims,0,Claim
Unacceptable customer care unacceptable customer care,0,Complaint
Efficient service Service was excellent,1,Customer Service
Process takes vanononoka forever kubatsira,0,Other
Assistance quick quick assistance,1,Other
Thank you cimas great experience,1,Praise
Quick assistance Makandibatsira zvakanaka,1,Other
Delay in worst claims insurance ever,0,Claim
Delay insurance ever worst in claims,0,Claim
Delay in claims Staff was rude,0,Claim
Appreciated the new platform,1,Other
Delay in claims terrible customer care,0,Claim
Worst insurance ever Vanononoka kubatsira,0,Complaint
Efficient service Thank you CIMAS,1,Customer Service
Good customer care Thank you CIMAS,1,Praise
Handina kufara process forever takes,0,Other
Too late feedback handife ndakadzokera,0,Complaint
Delay in claims Process takes forever,0,Claim
Kufara aid received handina no,0,Other
Efficient service enjoyed the new tool,1,Customer Service
Liked new the platform great experience,1,Praise
Quick assistance Thank you CIMAS,1,Praise
Zvikuru customer care ndatenda good,1,Praise
Terrible customer care assistance no received,0,Complaint
Good customer care ndatenda zvikuru,1,Praise
Handina kufara handife ndakadzokera,0,Other
Thank you cimas fast claims processing,1,Claim
Ndatenda zvikuru Good customer care,1,Praise
No help received Bad customer care,0,Complaint
Ndakafarira basa renyu Quick assistance,1,Other
No assistance received vanononoka kubatsira,0,Other
Worst very ever insurance disappointing,0,Complaint
Service efficient service was excellent,1,Customer Service
Handife ndakadzokera too late reply,0,Complaint
Delay in claims Handina kufara,0,Claim
Great experience Helpful staff,1,Praise
Terrible customer care too delayed reply,0,Complaint
Ndatenda zvikuru Ndakafarira basa renyu,1,Other
Helpful staff Makandibatsira zvakanaka,1,Other
Handina kufara Bad customer care,0,Complaint
Very disappointing very disappointing,0,Other
Too sluggish very reply disappointing,0,Complaint
Quick assistance Great experience,1,Praise
Ndakafarira basa renyu Great experience,1,Praise
Vanononoka kubatsira Vanononoka kubatsira,0,Other
Vanononoka kubatsira Worst insurance ever,0,Complaint
Makandibatsira zvakanaka zvikuru ndatenda,1,Other
Claims customer care delay in poor,0,Claim
Service was excellent thank you cimas,1,Customer Service
Poor disappointing very service delivery,0,Customer Service
Efficient service care customer good,1,Customer Service
Delay in claims staff rude was,0,Claim
Ndakafarira basa renyu Good customer care,1,Praise
Ndatenda service efficient zvikuru,1,Customer Service
Bad customer care,0,Complaint
Fast claims processing service was excellent,1,Claim
Too slow response Vanononoka kubatsira,0,Complaint
Poor service delivery Vanononoka kubatsira,0,Customer Service
Efficient service efficient service,1,Customer Service
Too slow response Worst insurance ever,0,Complaint
Received kufara no assistance handina,0,Other
Terrible customer care no support received,0,Complaint
Sluggish delayed feedback too too reaction,0,Complaint
Good customer care Efficient service,1,Customer Service
Kind personnel quick assistance,1,Other
Fast claims processing Loved the new app,1,Claim
Great experience was service excellent,1,Customer Service
Vanononoka ndakadzokera handife kubatsira,0,Other
Good customer care supportive team,1,Praise
Loved the new app Efficient service,1,Customer Service
Too slow response Process takes forever,0,Complaint
Customer in claims poor delay care,0,Claim
Good customer care ndakafarira basa renyu,1,Praise
Assistance quick appreciated the new application,1,Other
Quick assistance quick assistance,1,Other
Appreciated the new application renyu basa ndakafarira,1,Other
Ndakafarira basa renyu Makandibatsira zvakanaka,1,Other
Appreciated the new makandibatsira application zvakanaka,1,Other
Thank you cimas service was excellent,1,Customer Service
Handina kufara no aid received,0,Other
Great experience care customer good,1,Praise
Quick assistance enjoyed the new application,1,Other
Staff was rude No help received,0,Other
Too delayed feedback vanononoka kubatsira,0,Complaint
Very disappointing Poor service delivery,0,Customer Service
Quick assistance good customer care,1,Praise
Service application excellent appreciated the new was,1,Customer Service
Friendly efficient crew service,1,Customer Service
Makandibatsira zvakanaka Quick assistance,1,Other
Makandibatsira zvakanaka Great experience,1,Praise
Fast claims excellent service was processing,1,Claim
Very disappointing Too slow response,0,Complaint
Efficient service makandibatsira zvakanaka,1,Customer Service
Process takes forever handife ndakadzokera,0,Other
Quick assistance service was excellent,1,Customer Service
Fast claims processing fast claims processing,1,Claim
No help received Worst insurance ever,0,Complaint
Process takes forever Handife ndakadzokera,0,Other
Ndatenda zvikuru Makandibatsira zvakanaka,1,Other
Good basa renyu ndakafarira customer care,1,Praise
Makandibatsira zvakanaka excellent was service,1,Customer Service
Worst insurance ever Staff was rude,0,Complaint
Efficient service assistance quick,1,Customer Service
Enjoyed tool new the good customer care,1,Praise
No help received Poor service delivery,0,Customer Service
Handina kubatsira vanononoka kufara,0,Other
Great experience,1,Praise
Very disappointing poor customer care,0,Complaint
Handife ndakadzokera Staff was rude,0,Other
Thank you CIMAS Loved the new app,1,Praise
Handife ndakadzokera delay in claims,0,Claim
Ndakadzokera customer care handife unacceptable,0,Complaint
No support care poor customer received,0,Complaint
Vanononoka kubatsira kubatsira vanononoka,0,Other
Vanononoka kubatsira Very disappointing,0,Other
Handina kufara No help received,0,Other
Ndakafarira basa renyu thank you cimas,1,Praise
Very disappointing Very disappointing,0,Other
Staff disappointing rude very was,0,Other
Ndakafarira basa renyu team kind,1,Other
Ndakafarira basa renyu new the enjoyed platform,1,Other
Insurance support received worst no ever,0,Complaint
Disappointing very no assistance received,0,Other
Handina kufara Poor service delivery,0,Customer Service
Makandibatsira zvakanaka Helpful staff,1,Other
Vanononoka vanononoka kubatsira kubatsira,0,Other
Makandibatsira zvakanaka makandibatsira zvakanaka,1,Other
Poor service delivery unacceptable customer care,0,Customer Service
Terrible customer terrible care customer care,0,Complaint
Process takes forever delay in claims,0,Claim
Staff was rude handina kufara,0,Other
Service was excellent Great experience,1,Customer Service
Loved the new app Quick assistance,1,Other
Liked tool new the makandibatsira zvakanaka,1,Other
Ndatenda thank zvikuru you cimas,1,Praise
Process takes forever No help received,0,Other
Handife ndakadzokera worst insurance ever,0,Complaint
Delay in claims No help received,0,Claim
Zvikuru ndatenda thank you cimas,1,Praise
Ndatenda zvikuru Great experience,1,Praise
Bad customer care Too slow response,0,Complaint
Poor insurance ever worst service delivery,0,Customer Service
Fast claims processing Ndakafarira basa renyu,1,Claim
Loved the new app Ndakafarira basa renyu,1,Other
Service was excellent Good customer care,1,Customer Service
Terrible disappointing care very customer,0,Complaint
Too slow response Staff was rude,0,Complaint
Care customer care good customer good,1,Praise
Service was excellent good customer care,1,Customer Service
Renyu basa ndakafarira enjoyed the new platform,1,Other
Staff was rude no aid received,0,Other
Basa ndakafarira renyu good customer care,1,Praise
Poor service delivery no assistance received,0,Customer Service
Appreciated the zvikuru application ndatenda new,1,Other
Handina kufara claims in delay,0,Claim
Fast claims processing Good customer care,1,Claim
Basa ndakafarira renyu kind team,1,Other
Supportive ndakafarira team basa renyu,1,Other
Makandibatsira zvakanaka good customer care,1,Praise
Processing zvakanaka fast claims makandibatsira,1,Claim
Service was excellent fast claims processing,1,Claim
Poor service delivery delay in claims,0,Claim
Too sluggish feedback process takes forever,0,Complaint
Kufara insurance ever handina worst,0,Complaint
Worst insurance ever too sluggish reply,0,Complaint
Staff was rude Bad customer care,0,Complaint
Poor kufara delivery handina service,0,Customer Service
Very disappointing Handife ndakadzokera,0,Other
Ndatenda zvikuru application the new appreciated,1,Other
Too slow response Poor service delivery,0,Customer Service
Ndatenda quick zvikuru assistance,1,Other
Thank you cimas efficient service,1,Customer Service
Process forever takes process takes forever,0,Other
Poor service delivery in delay claims,0,Claim
Handife ndakadzokera Process takes forever,0,Other
Vanononoka kubatsira delay in claims,0,Claim
Aid no received very disappointing,0,Other
No assistance received staff was rude,0,Other
Team supportive quick assistance,1,Other
Quick assistance makandibatsira zvakanaka,1,Other
Makandibatsira ndatenda zvakanaka zvikuru,1,Other
Ndakafarira basa renyu Loved the new app,1,Other
Poor customer care,0,Complaint
Worst insurance ever No help received,0,Complaint
Handife ndakadzokera No help received,0,Other
Team assistance supportive quick,1,Other
Handife ndakadzokera no received aid,0,Other
Handife care unacceptable customer ndakadzokera,0,Complaint
Ndatenda zvikuru ndakafarira basa renyu,1,Other
Service was kind excellent team,1,Customer Service
Staff was rude handife ndakadzokera,0,Other
Handina disappointing very kufara,0,Other
Care customer unacceptable handina kufara,0,Complaint
Service was excellent ndakafarira basa renyu,1,Customer Service
Handina kufara sluggish too feedback,0,Complaint
Fast claims processing efficient service,1,Claim
Worst insurance ever poor customer care,0,Complaint
Fast claims processing ndakafarira basa renyu,1,Claim
Worst ndakadzokera handife insurance ever,0,Complaint
Care takes forever terrible customer process,0,Complaint
Ndatenda zvikuru Fast claims processing,1,Claim
Loved the new app Makandibatsira zvakanaka,1,Other
Supportive crew ndatenda zvikuru,1,Other
Worst insurance ever Delay in claims,0,Claim
Helpful staff,1,Other
Service was excellent Loved the new app,1,Customer Service
Kubatsira sluggish reaction vanononoka too,0,Complaint
Handina kufara kubatsira vanononoka,0,Other
Handife late too ndakadzokera feedback,0,Complaint
Thank you cimas thank you cimas,1,Praise
Zvikuru ndatenda quick assistance,1,Other
Received service delivery no assistance poor,0,Customer Service
Thank you CIMAS Service was excellent,1,Customer Service
No assistance received too delayed reaction,0,Complaint
Good customer care Fast claims processing,1,Claim
Ndatenda zvikuru new the appreciated tool,1,Other
Process takes forever handina kufara,0,Other
Handife handife ndakadzokera ndakadzokera,0,Other
Handife ndakadzokera staff was rude,0,Other
Very disappointing Handina kufara,0,Other
Process takes too forever delayed feedback,0,Complaint
Worst insurance ever handife ndakadzokera,0,Complaint
Good processing care fast claims customer,1,Claim
Very disappointing Delay in claims,0,Claim
Makandibatsira zvakanaka liked the new platform,1,Other
Staff was rude too late feedback,0,Complaint
Very disappointing no support received,0,Other
Kind good team customer care,1,Praise
Worst insurance ever Too slow response,0,Complaint
Worst insurance ever staff was rude,0,Complaint
Was staff rude delay in claims,0,Claim
Ndakadzokera kufara handife handina,0,Other
Excellent you cimas service was thank,1,Customer Service
Handina kufara Handife ndakadzokera,0,Other
Bad customer care Process takes forever,0,Complaint
Handife forever process takes ndakadzokera,0,Other
Quick assistance Efficient service,1,Customer Service
Process takes forever Worst insurance ever,0,Complaint
Delay in claims Very disappointing,0,Claim
Efficient service ndatenda zvikuru,1,Customer Service
Poor service delivery Process takes forever,0,Customer Service
Poor service delivery process takes forever,0,Customer Service
Good customer care Helpful staff,1,Praise
Fast claims zvikuru ndatenda processing,1,Claim
Cimas you thank ndakafarira basa renyu,1,Praise
Helpful staff Service was excellent,1,Customer Service
Handife ndakadzokera Vanononoka kubatsira,0,Other
Kufara support received handina no,0,Other
Vanononoka kubatsira process forever takes,0,Other
Thank you CIMAS Ndatenda zvikuru,1,Praise
Poor service delivery Handina kufara,0,Customer Service
Loved the new app,1,Other
Makandibatsira zvakanaka Fast claims processing,1,Claim
Process takes forever Too slow response,0,Complaint
Thank you CIMAS Great experience,1,Praise
Fast claims tool liked the new processing,1,Claim
Worst insurance ever Very disappointing,0,Complaint
Worst insurance care unacceptable customer ever,0,Complaint
Quick assistance Fast claims processing,1,Claim
Vanononoka kubatsira no support received,0,Other
Liked the new application thank you cimas,1,Praise
Makandibatsira zvakanaka basa ndakafarira renyu,1,Other
Very disappointing handina kufara,0,Other
Delay in claims Bad customer care,0,Claim
Ndakafarira basa renyu makandibatsira zvakanaka,1,Other
Poor service delivery Too slow response,0,Customer Service
Handina takes forever process kufara,0,Other
Service efficient fast claims processing,1,Claim
Customer experience good great care,1,Praise
Poor service delivery too delayed reply,0,Customer Service
Great experience Loved the new app,1,Praise
Good customer care Good customer care,1,Praise
Quick assistance Good customer care,1,Praise
Care you cimas good customer thank,1,Praise
Fast claims claims fast processing processing,1,Claim
Worst ever insurance poor service delivery,0,Customer Service
Efficient service service was excellent,1,Customer Service
Makandibatsira efficient zvakanaka service,1,Customer Service
Appreciated the new application efficient service,1,Customer Service
Great experience Ndatenda zvikuru,1,Praise
Unacceptable customer care kubatsira vanononoka,0,Complaint
Ndatenda care good customer zvikuru,1,Praise
Loved the new app Helpful staff,1,Other
Care customer good great experience,1,Praise
Efficient service thank you cimas,1,Customer Service
Handife ndakadzokera Bad customer care,0,Complaint
Great experience Makandibatsira zvakanaka,1,Praise
Ndatenda zvikuru Service was excellent,1,Customer Service
No received support vanononoka kubatsira,0,Other
Worst insurance ever too late reply,0,Complaint
No assistance received handife ndakadzokera,0,Other
Efficient service fast claims processing,1,Claim
Delay in disappointing very claims,0,Claim
Poor service delivery Poor service delivery,0,Customer Service
Kind crew fast claims processing,1,Claim
Poor customer care vanononoka kubatsira,0,Complaint
Poor service vanononoka delivery kubatsira,0,Customer Service
Too sluggish reaction poor service delivery,0,Customer Service
Quick assistance Quick assistance,1,Other
Helpful staff Fast claims processing,1,Claim
Enjoyed the new tool kind personnel,1,Other
Staff was rude poor service delivery,0,Customer Service
Too late reaction process takes forever,0,Complaint
Very disappointing Vanononoka kubatsira,0,Other
Fast claims processing Efficient service,1,Claim
Processing claims fast thank you cimas,1,Claim
Vanononoka kubatsira process takes forever,0,Other
Ndakadzokera handife staff was rude,0,Other
Process takes forever takes process forever,0,Other
Crew was excellent supportive service,1,Customer Service
Kubatsira kufara vanononoka handina,0,Other
Delay in claims Vanononoka kubatsira,0,Claim
Zvakanaka crew makandibatsira supportive,1,Other
Good customer care great experience,1,Praise
No support received too late reply,0,Complaint
Cimas you thank great experience,1,Praise
Ndatenda zvikuru Loved the new app,1,Other
Supportive personnel ndatenda zvikuru,1,Other
Ndakafarira service efficient basa renyu,1,Customer Service
Claims basa renyu fast ndakafarira processing,1,Claim
Handina kufara Handina kufara,0,Other
Efficient service ndakafarira basa renyu,1,Customer Service
Efficient service thank cimas you,1,Customer Service
Good zvakanaka makandibatsira customer care,1,Praise
Very delay disappointing in claims,0,Claim
Handina kufara Staff was rude,0,Other
Thank you CIMAS,1,Praise
Too sluggish feedback terrible customer care,0,Complaint
Takes assistance received process no forever,0,Other
Quick assistance Ndatenda zvikuru,1,Other
Too slow response Handife ndakadzokera,0,Complaint
Fast claims processing Service was excellent,1,Claim
Ndatenda zvikuru kind team,1,Other
Kubatsira vanononoka too sluggish feedback,0,Complaint
Makandibatsira zvakanaka enjoyed the new application,1,Other
Ndakafarira basa renyu Ndatenda zvikuru,1,Other
Staff was rude Delay in claims,0,Claim
Terrible assistance received no customer care,0,Complaint
Ndatenda great zvikuru experience,1,Praise
Efficient service Efficient service,1,Customer Service
Bad customer care Worst insurance ever,0,Complaint
No assistance received process takes forever,0,Other
Efficient service supportive personnel,1,Customer Service
Poor service delivery Worst insurance ever,0,Customer Service
Aid no received no assistance received,0,Other
Thank you CIMAS Good customer care,1,Praise
Ndatenda zvikuru makandibatsira zvakanaka,1,Other
Handina kufara Process takes forever,0,Other
Ndakafarira basa renyu zvakanaka makandibatsira,1,Other
Efficient service Fast claims processing,1,Claim
Process takes forever Staff was rude,0,Other
Handina kufara Delay in claims,0,Claim
Too sluggish kufara handina reaction,0,Complaint
Very disappointing worst insurance ever,0,Complaint
Efficient service Good customer care,1,Customer Service
I received excellent assistance with my claim.,1,Service
Very happy with how fast the support team responded.,1,Service
Staff was professional and friendly throughout.,1,Service
The process was seamless and well-communicated.,1,Service
Impressed by the timely updates and courteous service.,1,Service
My query was ignored for days.,0,Service
The agent was unhelpful and dismissive.,0,Service
Frustrated with the lack of response from customer care.,0,Service
"Experience was poor, I felt neglected.",0,Service
Took too long to get any feedback or help.,0,Service
"The app was easy to navigate, but my issue wasn’t resolved.",2,Service
"Customer care was nice, but slow to act.",2,Service
"Doctor was helpful, but the wait was too long.",2,Service
"Service was okay, could be better in terms of speed.",2,Service
"The claim was processed correctly, but not quickly enough.",2,Service
"App was easy to navigate, but the information was outdated.",2,Service
"The staff tried their best, but couldn't resolve the issue fully.",2,Service
"Wait time was long, but the consultation was helpful.",2,Service
"Claim took longer than expected, but I eventually got the result.",2,Service
"Not the best experience, but not the worst either.",2,Service
"Some parts of the service were excellent, others were lacking.",2,Service
"I liked the app design, though the functionality was limited.",2,Service
"Customer care answered, but didn’t resolve my query.",2,Service
"It was okay overall, but improvements are needed.",2,Service
"The doctor was helpful, but the billing process was confusing.",2,Service
"Received partial support, but it helped a bit.",2,Service
"Communication was slow, though polite.",2,Service
"Response came late, but they followed up afterwards.",2,Service
Mixed feelings about the experience — room for improvement.,2,Service
"Got the help eventually, after a few tries.",2,Service
